MySQL Shell 8.0.43

Copyright (c) 2016, 2025, Oracle and/or its affiliates.
Oracle is a registered trademark of Oracle Corporation and/or its affiliates.
Other names may be trademarks of their respective owners.

Type '\help' or '\?' for help; '\quit' to exit.
 MySQL  JS > \sql
Switching to SQL mode... Commands end with ;
 MySQL  SQL > \c root@localhost
Creating a session to 'root@localhost'
Fetching global names for auto-completion... Press ^C to stop.
Your MySQL connection id is 11 (X protocol)
Server version: 8.0.43 MySQL Community Server - GPL
No default schema selected; type \use <schema> to set one.
 MySQL  localhost:33060+ ssl  SQL > show databases;
+--------------------+
| Database           |
+--------------------+
| ep1                |
| examenpractico     |
| information_schema |
| mysql              |
| performance_schema |
| prueba             |
| sakila             |
| school_db          |
| sys                |
| tbd1               |
| tbd2               |
| world              |
+--------------------+
12 rows in set (0.0025 sec)
 MySQL  localhost:33060+ ssl  SQL > use tbd2;
Default schema set to `tbd2`.
Fetching global names, object names from `tbd2` for auto-completion... Press ^C to stop.
 MySQL  localhost:33060+ ssl  tbd2  SQL > show tables;
+----------------+
| Tables_in_tbd2 |
+----------------+
| asignatura     |
| cliente        |
| detallehorario |
| estudiante     |
| horario        |
| producto       |
| prueba         |
| tablaa         |
| tablab         |
| venta          |
| venta_detalle  |
+----------------+
11 rows in set (0.0045 sec)
 MySQL  localhost:33060+ ssl  tbd2  SQL > desc venta;
+-----------+------+------+-----+---------+----------------+
| Field     | Type | Null | Key | Default | Extra          |
+-----------+------+------+-----+---------+----------------+
| idventa   | int  | NO   | PRI | NULL    | auto_increment |
| fecha     | date | NO   |     | NULL    |                |
| idcliente | int  | NO   | MUL | NULL    |                |
+-----------+------+------+-----+---------+----------------+
3 rows in set (0.0049 sec)
 MySQL  localhost:33060+ ssl  tbd2  SQL > show tables ;
+----------------+
| Tables_in_tbd2 |
+----------------+
| asignatura     |
| cliente        |
| detallehorario |
| estudiante     |
| horario        |
| producto       |
| prueba         |
| tablaa         |
| tablab         |
| venta          |
| venta_detalle  |
+----------------+
11 rows in set (0.0055 sec)
 MySQL  localhost:33060+ ssl  tbd2  SQL > desc venta_detalle;
+----------------+------+------+-----+---------+----------------+
| Field          | Type | Null | Key | Default | Extra          |
+----------------+------+------+-----+---------+----------------+
| idventadetalle | int  | NO   | PRI | NULL    | auto_increment |
| idventa        | int  | NO   | MUL | NULL    |                |
| idproducto     | int  | NO   | MUL | NULL    |                |
| cantidad       | int  | YES  |     | NULL    |                |
+----------------+------+------+-----+---------+----------------+
4 rows in set (0.0049 sec)
 MySQL  localhost:33060+ ssl  tbd2  SQL > show create table venta;
+-------+---------------------------------------------------------------------------------------------------------------------------------------------------------------------------------------------------------------------------------------------------------------------------------------------------------------------------------------------------------------+
| Table | Create Table                                                                                                                                                                                                                                                                                                                                                  |
+-------+---------------------------------------------------------------------------------------------------------------------------------------------------------------------------------------------------------------------------------------------------------------------------------------------------------------------------------------------------------------+
| venta | CREATE TABLE `venta` (
  `idventa` int NOT NULL AUTO_INCREMENT,
  `fecha` date NOT NULL,
  `idcliente` int NOT NULL,
  PRIMARY KEY (`idventa`),
  KEY `idcliente` (`idcliente`),
  CONSTRAINT `venta_ibfk_1` FOREIGN KEY (`idcliente`) REFERENCES `cliente` (`idcliente`)
) ENGINE=InnoDB AUTO_INCREMENT=6 DEFAULT CHARSET=utf8mb4 COLLATE=utf8mb4_0900_ai_ci |
+-------+---------------------------------------------------------------------------------------------------------------------------------------------------------------------------------------------------------------------------------------------------------------------------------------------------------------------------------------------------------------+
1 row in set (0.0018 sec)
 MySQL  localhost:33060+ ssl  tbd2  SQL > show create table venta_detalle;
+---------------+------------------------------------------------------------------------------------------------------------------------------------------------------------------------------------------------------------------------------------------------------------------------------------------------------------------------------------------------------------------------------------------------------------------------------------------------------------------------------------------------------------------------------------------------------------+
| Table         | Create Table                                                                                                                                                                                                                                                                                                                                                                                                                                                                                                                                               |
+---------------+------------------------------------------------------------------------------------------------------------------------------------------------------------------------------------------------------------------------------------------------------------------------------------------------------------------------------------------------------------------------------------------------------------------------------------------------------------------------------------------------------------------------------------------------------------+
| venta_detalle | CREATE TABLE `venta_detalle` (
  `idventadetalle` int NOT NULL AUTO_INCREMENT,
  `idventa` int NOT NULL,
  `idproducto` int NOT NULL,
  `cantidad` int DEFAULT NULL,
  PRIMARY KEY (`idventadetalle`),
  KEY `idventa` (`idventa`),
  KEY `idproducto` (`idproducto`),
  CONSTRAINT `venta_detalle_ibfk_1` FOREIGN KEY (`idventa`) REFERENCES `venta` (`idventa`),
  CONSTRAINT `venta_detalle_ibfk_2` FOREIGN KEY (`idproducto`) REFERENCES `producto` (`idproducto`)
) ENGINE=InnoDB AUTO_INCREMENT=5 DEFAULT CHARSET=utf8mb4 COLLATE=utf8mb4_0900_ai_ci |
+---------------+------------------------------------------------------------------------------------------------------------------------------------------------------------------------------------------------------------------------------------------------------------------------------------------------------------------------------------------------------------------------------------------------------------------------------------------------------------------------------------------------------------------------------------------------------------+
1 row in set (0.0017 sec)
 MySQL  localhost:33060+ ssl  tbd2  SQL > show create table detallehorario;
+----------------+-------------------------------------------------------------------------------------------------------------------------------------------------------------------------------------------------------------------------------------------------------------------------------------------------------------------------------------------------------------------------------------------------------------------------------------------------------------------------------------------------------------------------------------------------------------------------------------------------------------------------+
| Table          | Create Table                                                                                                                                                                                                                                                                                                                                                                                                                                                                                                                                                                                                            |
+----------------+-------------------------------------------------------------------------------------------------------------------------------------------------------------------------------------------------------------------------------------------------------------------------------------------------------------------------------------------------------------------------------------------------------------------------------------------------------------------------------------------------------------------------------------------------------------------------------------------------------------------------+
| detallehorario | CREATE TABLE `detallehorario` (
  `iddetalle` int NOT NULL AUTO_INCREMENT,
  `idhorario` int NOT NULL,
  `idasignatura` int NOT NULL,
  PRIMARY KEY (`iddetalle`),
  KEY `idhorario` (`idhorario`),
  KEY `idasignatura` (`idasignatura`),
  CONSTRAINT `detallehorario_ibfk_1` FOREIGN KEY (`idhorario`) REFERENCES `horario` (`idhorario`) ON DELETE RESTRICT ON UPDATE CASCADE,
  CONSTRAINT `detallehorario_ibfk_2` FOREIGN KEY (`idasignatura`) REFERENCES `asignatura` (`idasignatura`) ON DELETE RESTRICT ON UPDATE CASCADE
) ENGINE=InnoDB AUTO_INCREMENT=10 DEFAULT CHARSET=utf8mb4 COLLATE=utf8mb4_0900_ai_ci |
+----------------+-------------------------------------------------------------------------------------------------------------------------------------------------------------------------------------------------------------------------------------------------------------------------------------------------------------------------------------------------------------------------------------------------------------------------------------------------------------------------------------------------------------------------------------------------------------------------------------------------------------------------+
1 row in set (0.0017 sec)
 MySQL  localhost:33060+ ssl  tbd2  SQL > show create table horario;
+---------+-----------------------------------------------------------------------------------------------------------------------------------------------------------------------------------------------------------------------------------------------------------------------------------------------------------------------------------------------------------------------------------------------------+
| Table   | Create Table                                                                                                                                                                                                                                                                                                                                                                                        |
+---------+-----------------------------------------------------------------------------------------------------------------------------------------------------------------------------------------------------------------------------------------------------------------------------------------------------------------------------------------------------------------------------------------------------+
| horario | CREATE TABLE `horario` (
  `idhorario` int NOT NULL AUTO_INCREMENT,
  `idestudiante` int NOT NULL,
  PRIMARY KEY (`idhorario`),
  KEY `idestudiante` (`idestudiante`),
  CONSTRAINT `horario_ibfk_1` FOREIGN KEY (`idestudiante`) REFERENCES `estudiante` (`idestudiante`) ON DELETE RESTRICT ON UPDATE CASCADE
) ENGINE=InnoDB AUTO_INCREMENT=6 DEFAULT CHARSET=utf8mb4 COLLATE=utf8mb4_0900_ai_ci |
+---------+-----------------------------------------------------------------------------------------------------------------------------------------------------------------------------------------------------------------------------------------------------------------------------------------------------------------------------------------------------------------------------------------------------+
1 row in set (0.0017 sec)
 MySQL  localhost:33060+ ssl  tbd2  SQL > select * from estudiante;
+--------------+------------------+------------+
| idestudiante | nombre           | fechanac   |
+--------------+------------------+------------+
|            2 | ever pinto       | 2003-02-16 |
|            3 | armando alvidrez | 2002-12-06 |
|           10 | valeria torres   | 2004-03-18 |
+--------------+------------------+------------+
3 rows in set (0.0015 sec)
 MySQL  localhost:33060+ ssl  tbd2  SQL > select * from horario;
+-----------+--------------+
| idhorario | idestudiante |
+-----------+--------------+
|         2 |            2 |
|         3 |            3 |
|         5 |           10 |
+-----------+--------------+
3 rows in set (0.0011 sec)
 MySQL  localhost:33060+ ssl  tbd2  SQL > select * from detallehorario;
+-----------+-----------+--------------+
| iddetalle | idhorario | idasignatura |
+-----------+-----------+--------------+
|         1 |         5 |            1 |
|         2 |         5 |            2 |
|         3 |         5 |            3 |
|         4 |         2 |            1 |
|         5 |         2 |            2 |
|         6 |         2 |            3 |
|         7 |         3 |            1 |
|         8 |         3 |            2 |
|         9 |         3 |            3 |
+-----------+-----------+--------------+
9 rows in set (0.0013 sec)
 MySQL  localhost:33060+ ssl  tbd2  SQL > select * from asignatura;
+--------------+-------------------------+----------+
| idasignatura | nombre                  | creditos |
+--------------+-------------------------+----------+
|            1 | taller de base de datos |        4 |
|            2 | lenguajes y automatas   |        5 |
|            3 | ingenieria de software  |        5 |
+--------------+-------------------------+----------+
3 rows in set (0.0015 sec)
 MySQL  localhost:33060+ ssl  tbd2  SQL > show create table horario;
+---------+-----------------------------------------------------------------------------------------------------------------------------------------------------------------------------------------------------------------------------------------------------------------------------------------------------------------------------------------------------------------------------------------------------+
| Table   | Create Table                                                                                                                                                                                                                                                                                                                                                                                        |
+---------+-----------------------------------------------------------------------------------------------------------------------------------------------------------------------------------------------------------------------------------------------------------------------------------------------------------------------------------------------------------------------------------------------------+
| horario | CREATE TABLE `horario` (
  `idhorario` int NOT NULL AUTO_INCREMENT,
  `idestudiante` int NOT NULL,
  PRIMARY KEY (`idhorario`),
  KEY `idestudiante` (`idestudiante`),
  CONSTRAINT `horario_ibfk_1` FOREIGN KEY (`idestudiante`) REFERENCES `estudiante` (`idestudiante`) ON DELETE RESTRICT ON UPDATE CASCADE
) ENGINE=InnoDB AUTO_INCREMENT=6 DEFAULT CHARSET=utf8mb4 COLLATE=utf8mb4_0900_ai_ci |
+---------+-----------------------------------------------------------------------------------------------------------------------------------------------------------------------------------------------------------------------------------------------------------------------------------------------------------------------------------------------------------------------------------------------------+
1 row in set (0.0014 sec)
 MySQL  localhost:33060+ ssl  tbd2  SQL > alter table horario drop constraint horario_ibfk_1;
Query OK, 0 rows affected (0.0613 sec)

Records: 0  Duplicates: 0  Warnings: 0
 MySQL  localhost:33060+ ssl  tbd2  SQL > alter table horario add constraint foreign key (idestudiante) references estudiante (idestudiante) on delete cascade on update cascade ;
Query OK, 3 rows affected (0.1425 sec)

Records: 3  Duplicates: 0  Warnings: 0
 MySQL  localhost:33060+ ssl  tbd2  SQL > show create table horario;
+---------+----------------------------------------------------------------------------------------------------------------------------------------------------------------------------------------------------------------------------------------------------------------------------------------------------------------------------------------------------------------------------------------------------+
| Table   | Create Table                                                                                                                                                                                                                                                                                                                                                                                       |
+---------+----------------------------------------------------------------------------------------------------------------------------------------------------------------------------------------------------------------------------------------------------------------------------------------------------------------------------------------------------------------------------------------------------+
| horario | CREATE TABLE `horario` (
  `idhorario` int NOT NULL AUTO_INCREMENT,
  `idestudiante` int NOT NULL,
  PRIMARY KEY (`idhorario`),
  KEY `idestudiante` (`idestudiante`),
  CONSTRAINT `horario_ibfk_1` FOREIGN KEY (`idestudiante`) REFERENCES `estudiante` (`idestudiante`) ON DELETE CASCADE ON UPDATE CASCADE
) ENGINE=InnoDB AUTO_INCREMENT=6 DEFAULT CHARSET=utf8mb4 COLLATE=utf8mb4_0900_ai_ci |
+---------+----------------------------------------------------------------------------------------------------------------------------------------------------------------------------------------------------------------------------------------------------------------------------------------------------------------------------------------------------------------------------------------------------+
1 row in set (0.0017 sec)
 MySQL  localhost:33060+ ssl  tbd2  SQL > show create table detallehorario;
+----------------+-------------------------------------------------------------------------------------------------------------------------------------------------------------------------------------------------------------------------------------------------------------------------------------------------------------------------------------------------------------------------------------------------------------------------------------------------------------------------------------------------------------------------------------------------------------------------------------------------------------------------+
| Table          | Create Table                                                                                                                                                                                                                                                                                                                                                                                                                                                                                                                                                                                                            |
+----------------+-------------------------------------------------------------------------------------------------------------------------------------------------------------------------------------------------------------------------------------------------------------------------------------------------------------------------------------------------------------------------------------------------------------------------------------------------------------------------------------------------------------------------------------------------------------------------------------------------------------------------+
| detallehorario | CREATE TABLE `detallehorario` (
  `iddetalle` int NOT NULL AUTO_INCREMENT,
  `idhorario` int NOT NULL,
  `idasignatura` int NOT NULL,
  PRIMARY KEY (`iddetalle`),
  KEY `idhorario` (`idhorario`),
  KEY `idasignatura` (`idasignatura`),
  CONSTRAINT `detallehorario_ibfk_1` FOREIGN KEY (`idhorario`) REFERENCES `horario` (`idhorario`) ON DELETE RESTRICT ON UPDATE CASCADE,
  CONSTRAINT `detallehorario_ibfk_2` FOREIGN KEY (`idasignatura`) REFERENCES `asignatura` (`idasignatura`) ON DELETE RESTRICT ON UPDATE CASCADE
) ENGINE=InnoDB AUTO_INCREMENT=10 DEFAULT CHARSET=utf8mb4 COLLATE=utf8mb4_0900_ai_ci |
+----------------+-------------------------------------------------------------------------------------------------------------------------------------------------------------------------------------------------------------------------------------------------------------------------------------------------------------------------------------------------------------------------------------------------------------------------------------------------------------------------------------------------------------------------------------------------------------------------------------------------------------------------+
1 row in set (0.0053 sec)
 MySQL  localhost:33060+ ssl  tbd2  SQL > alter table detallehorario drop constraint detallehorario_ibfk_1;
Query OK, 0 rows affected (0.0188 sec)

Records: 0  Duplicates: 0  Warnings: 0
 MySQL  localhost:33060+ ssl  tbd2  SQL > alter table detallehorario add constraint foreign key (idhorario) references horario(idhorario) on delete cascade on update cascade ;
Query OK, 9 rows affected (0.1294 sec)

Records: 9  Duplicates: 0  Warnings: 0
 MySQL  localhost:33060+ ssl  tbd2  SQL > alter table detallehorario drop constraint detallehorario_ibfk_2;
Query OK, 0 rows affected (0.0202 sec)

Records: 0  Duplicates: 0  Warnings: 0
 MySQL  localhost:33060+ ssl  tbd2  SQL > alter table detallehorario add constraint foreign key (idasignatura) references asignatura (idasignatura) on delete cascade on update cascade ;
Query OK, 9 rows affected (0.2777 sec)

Records: 9  Duplicates: 0  Warnings: 0
 MySQL  localhost:33060+ ssl  tbd2  SQL > show create table venta_detalle;
+---------------+------------------------------------------------------------------------------------------------------------------------------------------------------------------------------------------------------------------------------------------------------------------------------------------------------------------------------------------------------------------------------------------------------------------------------------------------------------------------------------------------------------------------------------------------------------+
| Table         | Create Table                                                                                                                                                                                                                                                                                                                                                                                                                                                                                                                                               |
+---------------+------------------------------------------------------------------------------------------------------------------------------------------------------------------------------------------------------------------------------------------------------------------------------------------------------------------------------------------------------------------------------------------------------------------------------------------------------------------------------------------------------------------------------------------------------------+
| venta_detalle | CREATE TABLE `venta_detalle` (
  `idventadetalle` int NOT NULL AUTO_INCREMENT,
  `idventa` int NOT NULL,
  `idproducto` int NOT NULL,
  `cantidad` int DEFAULT NULL,
  PRIMARY KEY (`idventadetalle`),
  KEY `idventa` (`idventa`),
  KEY `idproducto` (`idproducto`),
  CONSTRAINT `venta_detalle_ibfk_1` FOREIGN KEY (`idventa`) REFERENCES `venta` (`idventa`),
  CONSTRAINT `venta_detalle_ibfk_2` FOREIGN KEY (`idproducto`) REFERENCES `producto` (`idproducto`)
) ENGINE=InnoDB AUTO_INCREMENT=5 DEFAULT CHARSET=utf8mb4 COLLATE=utf8mb4_0900_ai_ci |
+---------------+------------------------------------------------------------------------------------------------------------------------------------------------------------------------------------------------------------------------------------------------------------------------------------------------------------------------------------------------------------------------------------------------------------------------------------------------------------------------------------------------------------------------------------------------------------+
1 row in set (0.0011 sec)
 MySQL  localhost:33060+ ssl  tbd2  SQL > show create table venta;
+-------+---------------------------------------------------------------------------------------------------------------------------------------------------------------------------------------------------------------------------------------------------------------------------------------------------------------------------------------------------------------+
| Table | Create Table                                                                                                                                                                                                                                                                                                                                                  |
+-------+---------------------------------------------------------------------------------------------------------------------------------------------------------------------------------------------------------------------------------------------------------------------------------------------------------------------------------------------------------------+
| venta | CREATE TABLE `venta` (
  `idventa` int NOT NULL AUTO_INCREMENT,
  `fecha` date NOT NULL,
  `idcliente` int NOT NULL,
  PRIMARY KEY (`idventa`),
  KEY `idcliente` (`idcliente`),
  CONSTRAINT `venta_ibfk_1` FOREIGN KEY (`idcliente`) REFERENCES `cliente` (`idcliente`)
) ENGINE=InnoDB AUTO_INCREMENT=6 DEFAULT CHARSET=utf8mb4 COLLATE=utf8mb4_0900_ai_ci |
+-------+---------------------------------------------------------------------------------------------------------------------------------------------------------------------------------------------------------------------------------------------------------------------------------------------------------------------------------------------------------------+
1 row in set (0.0010 sec)
 MySQL  localhost:33060+ ssl  tbd2  SQL > show create table detallehorario;
+----------------+-----------------------------------------------------------------------------------------------------------------------------------------------------------------------------------------------------------------------------------------------------------------------------------------------------------------------------------------------------------------------------------------------------------------------------------------------------------------------------------------------------------------------------------------------------------------------------------------------------------------------+
| Table          | Create Table                                                                                                                                                                                                                                                                                                                                                                                                                                                                                                                                                                                                          |
+----------------+-----------------------------------------------------------------------------------------------------------------------------------------------------------------------------------------------------------------------------------------------------------------------------------------------------------------------------------------------------------------------------------------------------------------------------------------------------------------------------------------------------------------------------------------------------------------------------------------------------------------------+
| detallehorario | CREATE TABLE `detallehorario` (
  `iddetalle` int NOT NULL AUTO_INCREMENT,
  `idhorario` int NOT NULL,
  `idasignatura` int NOT NULL,
  PRIMARY KEY (`iddetalle`),
  KEY `idhorario` (`idhorario`),
  KEY `idasignatura` (`idasignatura`),
  CONSTRAINT `detallehorario_ibfk_3` FOREIGN KEY (`idhorario`) REFERENCES `horario` (`idhorario`) ON DELETE CASCADE ON UPDATE CASCADE,
  CONSTRAINT `detallehorario_ibfk_4` FOREIGN KEY (`idasignatura`) REFERENCES `asignatura` (`idasignatura`) ON DELETE CASCADE ON UPDATE CASCADE
) ENGINE=InnoDB AUTO_INCREMENT=10 DEFAULT CHARSET=utf8mb4 COLLATE=utf8mb4_0900_ai_ci |
+----------------+-----------------------------------------------------------------------------------------------------------------------------------------------------------------------------------------------------------------------------------------------------------------------------------------------------------------------------------------------------------------------------------------------------------------------------------------------------------------------------------------------------------------------------------------------------------------------------------------------------------------------+
1 row in set (0.0010 sec)
 MySQL  localhost:33060+ ssl  tbd2  SQL > select * from detallehorario;
+-----------+-----------+--------------+
| iddetalle | idhorario | idasignatura |
+-----------+-----------+--------------+
|         1 |         5 |            1 |
|         2 |         5 |            2 |
|         3 |         5 |            3 |
|         4 |         2 |            1 |
|         5 |         2 |            2 |
|         6 |         2 |            3 |
|         7 |         3 |            1 |
|         8 |         3 |            2 |
|         9 |         3 |            3 |
+-----------+-----------+--------------+
9 rows in set (0.0011 sec)
 MySQL  localhost:33060+ ssl  tbd2  SQL > select * from horario;
+-----------+--------------+
| idhorario | idestudiante |
+-----------+--------------+
|         2 |            2 |
|         3 |            3 |
|         5 |           10 |
+-----------+--------------+
3 rows in set (0.0015 sec)
 MySQL  localhost:33060+ ssl  tbd2  SQL > select * from horario where idhorario = 5;
+-----------+--------------+
| idhorario | idestudiante |
+-----------+--------------+
|         5 |           10 |
+-----------+--------------+
1 row in set (0.0014 sec)
 MySQL  localhost:33060+ ssl  tbd2  SQL > select * from estudiante where idestudiante = 5;
Empty set (0.0072 sec)
 MySQL  localhost:33060+ ssl  tbd2  SQL > select * from estudiante where idestudiante = 10;
+--------------+----------------+------------+
| idestudiante | nombre         | fechanac   |
+--------------+----------------+------------+
|           10 | valeria torres | 2004-03-18 |
+--------------+----------------+------------+
1 row in set (0.0011 sec)
 MySQL  localhost:33060+ ssl  tbd2  SQL > select * from asignatura;
+--------------+-------------------------+----------+
| idasignatura | nombre                  | creditos |
+--------------+-------------------------+----------+
|            1 | taller de base de datos |        4 |
|            2 | lenguajes y automatas   |        5 |
|            3 | ingenieria de software  |        5 |
+--------------+-------------------------+----------+
3 rows in set (0.0031 sec)
 MySQL  localhost:33060+ ssl  tbd2  SQL > select * from estudiante;
+--------------+------------------+------------+
| idestudiante | nombre           | fechanac   |
+--------------+------------------+------------+
|            2 | ever pinto       | 2003-02-16 |
|            3 | armando alvidrez | 2002-12-06 |
|           10 | valeria torres   | 2004-03-18 |
+--------------+------------------+------------+
3 rows in set (0.0011 sec)
 MySQL  localhost:33060+ ssl  tbd2  SQL > delete from estudiante where idestudiante =10;
Query OK, 1 row affected (0.0077 sec)
 MySQL  localhost:33060+ ssl  tbd2  SQL > select * from estudiante;
+--------------+------------------+------------+
| idestudiante | nombre           | fechanac   |
+--------------+------------------+------------+
|            2 | ever pinto       | 2003-02-16 |
|            3 | armando alvidrez | 2002-12-06 |
+--------------+------------------+------------+
2 rows in set (0.0010 sec)
 MySQL  localhost:33060+ ssl  tbd2  SQL > select * from horario;
+-----------+--------------+
| idhorario | idestudiante |
+-----------+--------------+
|         2 |            2 |
|         3 |            3 |
+-----------+--------------+
2 rows in set (0.0012 sec)
 MySQL  localhost:33060+ ssl  tbd2  SQL > select * from detallehorario;
+-----------+-----------+--------------+
| iddetalle | idhorario | idasignatura |
+-----------+-----------+--------------+
|         4 |         2 |            1 |
|         5 |         2 |            2 |
|         6 |         2 |            3 |
|         7 |         3 |            1 |
|         8 |         3 |            2 |
|         9 |         3 |            3 |
+-----------+-----------+--------------+
6 rows in set (0.0010 sec)
 MySQL  localhost:33060+ ssl  tbd2  SQL > use sakila;
Default schema set to `sakila`.
Fetching global names, object names from `sakila` for auto-completion... Press ^C to stop.
 MySQL  localhost:33060+ ssl  sakila  SQL > show tables ;
+----------------------------+
| Tables_in_sakila           |
+----------------------------+
| actor                      |
| actor_info                 |
| address                    |
| category                   |
| city                       |
| country                    |
| customer                   |
| customer_list              |
| film                       |
| film_actor                 |
| film_category              |
| film_list                  |
| film_text                  |
| inventory                  |
| language                   |
| nicer_but_slower_film_list |
| payment                    |
| rental                     |
| sales_by_film_category     |
| sales_by_store             |
| staff                      |
| staff_list                 |
| store                      |
+----------------------------+
23 rows in set (0.0047 sec)
 MySQL  localhost:33060+ ssl  sakila  SQL > use tbd2;
Default schema set to `tbd2`.
Fetching global names, object names from `tbd2` for auto-completion... Press ^C to stop.
 MySQL  localhost:33060+ ssl  tbd2  SQL > show tables ;
+----------------+
| Tables_in_tbd2 |
+----------------+
| asignatura     |
| cliente        |
| detallehorario |
| estudiante     |
| horario        |
| producto       |
| prueba         |
| tablaa         |
| tablab         |
| venta          |
| venta_detalle  |
+----------------+
11 rows in set (0.0039 sec)
 MySQL  localhost:33060+ ssl  tbd2  SQL > select * from venta;
+---------+------------+-----------+
| idventa | fecha      | idcliente |
+---------+------------+-----------+
|       3 | 2025-08-30 |         2 |
|       4 | 2025-08-30 |         3 |
|       5 | 2025-08-30 |         3 |
+---------+------------+-----------+
3 rows in set (0.0012 sec)
 MySQL  localhost:33060+ ssl  tbd2  SQL > select * from cliente;
+-----------+--------+---------------+
| idcliente | nombre | rfc           |
+-----------+--------+---------------+
|         2 | juana  | rtfd879632578 |
|         3 | sofia  | fipt896352147 |
+-----------+--------+---------------+
2 rows in set (0.0034 sec)
 MySQL  localhost:33060+ ssl  tbd2  SQL > insert into cliente(nombre, rfc) value('juana', 'asd123');
Query OK, 1 row affected (0.0400 sec)
 MySQL  localhost:33060+ ssl  tbd2  SQL > select * from cliente;
+-----------+--------+---------------+
| idcliente | nombre | rfc           |
+-----------+--------+---------------+
|         2 | juana  | rtfd879632578 |
|         3 | sofia  | fipt896352147 |
|         4 | juana  | asd123        |
+-----------+--------+---------------+
3 rows in set (0.0015 sec)
 MySQL  localhost:33060+ ssl  tbd2  SQL > select * from venta_detalle;
+----------------+---------+------------+----------+
| idventadetalle | idventa | idproducto | cantidad |
+----------------+---------+------------+----------+
|              1 |       3 |          1 |        5 |
|              2 |       3 |          2 |        1 |
|              3 |       4 |          3 |       10 |
|              4 |       5 |          1 |        1 |
+----------------+---------+------------+----------+
4 rows in set (0.0014 sec)
 MySQL  localhost:33060+ ssl  tbd2  SQL > select * from venta;
+---------+------------+-----------+
| idventa | fecha      | idcliente |
+---------+------------+-----------+
|       3 | 2025-08-30 |         2 |
|       4 | 2025-08-30 |         3 |
|       5 | 2025-08-30 |         3 |
+---------+------------+-----------+
3 rows in set (0.0012 sec)
 MySQL  localhost:33060+ ssl  tbd2  SQL > select * from cliente;
+-----------+--------+---------------+
| idcliente | nombre | rfc           |
+-----------+--------+---------------+
|         2 | juana  | rtfd879632578 |
|         3 | sofia  | fipt896352147 |
|         4 | juana  | asd123        |
+-----------+--------+---------------+
3 rows in set (0.0012 sec)
 MySQL  localhost:33060+ ssl  tbd2  SQL > select * from cliente where idcliente in (select idcliente from venta);
+-----------+--------+---------------+
| idcliente | nombre | rfc           |
+-----------+--------+---------------+
|         2 | juana  | rtfd879632578 |
|         3 | sofia  | fipt896352147 |
+-----------+--------+---------------+
2 rows in set (0.0027 sec)
 MySQL  localhost:33060+ ssl  tbd2  SQL > select idcliente from venta;
+-----------+
| idcliente |
+-----------+
|         2 |
|         3 |
|         3 |
+-----------+
3 rows in set (0.0011 sec)
 MySQL  localhost:33060+ ssl  tbd2  SQL > select distinct idcliente from venta;
+-----------+
| idcliente |
+-----------+
|         2 |
|         3 |
+-----------+
2 rows in set (0.0021 sec)
 MySQL  localhost:33060+ ssl  tbd2  SQL > select * from cliente where idcliente in (select distinct idcliente from venta);
+-----------+--------+---------------+
| idcliente | nombre | rfc           |
+-----------+--------+---------------+
|         2 | juana  | rtfd879632578 |
|         3 | sofia  | fipt896352147 |
+-----------+--------+---------------+
2 rows in set (0.0014 sec)
 MySQL  localhost:33060+ ssl  tbd2  SQL > select * from cliente where idcliente not in (select distinct idcliente from venta);
+-----------+--------+--------+
| idcliente | nombre | rfc    |
+-----------+--------+--------+
|         4 | juana  | asd123 |
+-----------+--------+--------+
1 row in set (0.0016 sec)
 MySQL  localhost:33060+ ssl  tbd2  SQL > select * from venta_detalle;
+----------------+---------+------------+----------+
| idventadetalle | idventa | idproducto | cantidad |
+----------------+---------+------------+----------+
|              1 |       3 |          1 |        5 |
|              2 |       3 |          2 |        1 |
|              3 |       4 |          3 |       10 |
|              4 |       5 |          1 |        1 |
+----------------+---------+------------+----------+
4 rows in set (0.0012 sec)
 MySQL  localhost:33060+ ssl  tbd2  SQL > desc producto;
+------------+--------------+------+-----+---------+----------------+
| Field      | Type         | Null | Key | Default | Extra          |
+------------+--------------+------+-----+---------+----------------+
| idproducto | int          | NO   | PRI | NULL    | auto_increment |
| nombre     | varchar(50)  | NO   |     | NULL    |                |
| precio     | decimal(8,2) | NO   |     | NULL    |                |
+------------+--------------+------+-----+---------+----------------+
3 rows in set (0.0043 sec)
 MySQL  localhost:33060+ ssl  tbd2  SQL > select * from producto where idproducto in (select distinct idproducto from venta_detalle);
+------------+------------+----------+
| idproducto | nombre     | precio   |
+------------+------------+----------+
|          1 | celular    | 10000.00 |
|          2 | television | 15456.20 |
|          3 | laptop     | 35123.20 |
+------------+------------+----------+
3 rows in set (0.0022 sec)
 MySQL  localhost:33060+ ssl  tbd2  SQL > select * from producto where idproducto not in (select distinct idproducto from venta_detalle);
Empty set (0.0013 sec)
 MySQL  localhost:33060+ ssl  tbd2  SQL > select count(*) from producto where idproducto not in (select distinct idproducto from venta_detalle);
+----------+
| count(*) |
+----------+
|        0 |
+----------+
1 row in set (0.0014 sec)
 MySQL  localhost:33060+ ssl  tbd2  SQL > select count(*) from producto where idproducto in (select distinct idproducto from venta_detalle);
+----------+
| count(*) |
+----------+
|        3 |
+----------+
1 row in set (0.0432 sec)
 MySQL  localhost:33060+ ssl  tbd2  SQL >
